{"cameraMode":{"drawMode":0,"name":"Shaded","section":"Shading Mode"},"sceneLighting":false,"audioPlay":false,"sceneViewState":{"m_AlwaysRefresh":false,"showFog":true,"showSkybox":false,"showFlares":true,"showImageEffects":true,"showParticleSystems":true,"showVisualEffectGraphs":true,"m_FxEnabled":true},"in2DMode":false,"pivot":{"x":0.1161685362458229,"y":0.5987740755081177,"z":1.3099790811538697},"rotation":{"x":0.02047438733279705,"y":0.9621290564537048,"z":-0.26105085015296938,"w":0.07643844932317734},"size":0.8660253882408142,"orthographic":false}