{"cameraMode":{"drawMode":0,"name":"Shaded","section":"Shading Mode"},"sceneLighting":false,"audioPlay":false,"sceneViewState":{"m_AlwaysRefresh":false,"showFog":true,"showSkybox":false,"showFlares":true,"showImageEffects":true,"showParticleSystems":true,"showVisualEffectGraphs":true,"m_FxEnabled":true},"in2DMode":false,"pivot":{"x":-0.04652726650238037,"y":-0.06845319271087647,"z":0.8193389773368836},"rotation":{"x":0.20844556391239167,"y":0.7153273224830627,"z":-0.2399754375219345,"w":0.6223901510238648},"size":1.245993971824646,"orthographic":false}