{"cameraMode":{"drawMode":0,"name":"Shaded","section":"Shading Mode"},"sceneLighting":false,"audioPlay":false,"sceneViewState":{"m_AlwaysRefresh":false,"showFog":true,"showSkybox":false,"showFlares":true,"showImageEffects":true,"showParticleSystems":true,"showVisualEffectGraphs":true,"m_FxEnabled":true},"in2DMode":false,"pivot":{"x":0.7561516165733337,"y":0.04792888090014458,"z":-1.6690622568130494},"rotation":{"x":0.2590828835964203,"y":-0.3387603461742401,"z":0.09744038432836533,"w":0.8992654085159302},"size":1.9986658096313477,"orthographic":false}