{"cameraMode":{"drawMode":0,"name":"Shaded","section":"Shading Mode"},"sceneLighting":true,"audioPlay":false,"sceneViewState":{"m_AlwaysRefresh":false,"showFog":true,"showSkybox":true,"showFlares":true,"showImageEffects":true,"showParticleSystems":true,"showVisualEffectGraphs":true,"m_FxEnabled":true},"in2DMode":false,"pivot":{"x":10.407915115356446,"y":-1.7855421304702759,"z":4.171163082122803},"rotation":{"x":0.14545397460460664,"y":0.5811627507209778,"z":-0.10712487995624542,"w":0.7935230731964111},"size":6.624166965484619,"orthographic":false}