{"cameraMode":{"drawMode":0,"name":"Shaded","section":"Shading Mode"},"sceneLighting":true,"audioPlay":false,"sceneViewState":{"m_AlwaysRefresh":false,"showFog":true,"showSkybox":true,"showFlares":true,"showImageEffects":true,"showParticleSystems":true,"showVisualEffectGraphs":true,"m_FxEnabled":true},"in2DMode":false,"pivot":{"x":-46.61865997314453,"y":-3.7871108055114748,"z":20.162160873413087},"rotation":{"x":0.09733431041240692,"y":-0.24864192306995393,"z":0.024738062173128129,"w":0.9633837938308716},"size":24.74506187438965,"orthographic":false}