{"cameraMode":{"drawMode":0,"name":"Shaded","section":"Shading Mode"},"sceneLighting":false,"audioPlay":false,"sceneViewState":{"m_AlwaysRefresh":false,"showFog":true,"showSkybox":false,"showFlares":true,"showImageEffects":true,"showParticleSystems":true,"showVisualEffectGraphs":true,"m_FxEnabled":true},"in2DMode":false,"pivot":{"x":1.805518627166748,"y":1.4578673839569092,"z":1.6922417879104615},"rotation":{"x":0.0652289018034935,"y":0.36690062284469607,"z":-0.02603445015847683,"w":0.9276636838912964},"size":3.2791008949279787,"orthographic":false}