{"cameraMode":{"drawMode":0,"name":"Shaded","section":"Shading Mode"},"sceneLighting":false,"audioPlay":false,"sceneViewState":{"m_AlwaysRefresh":false,"showFog":true,"showSkybox":false,"showFlares":true,"showImageEffects":true,"showParticleSystems":true,"showVisualEffectGraphs":true,"m_FxEnabled":true},"in2DMode":false,"pivot":{"x":1.393211007118225,"y":-2.5466532707214357,"z":-0.7363231778144836},"rotation":{"x":0.07430920749902725,"y":0.9119228720664978,"z":-0.3554519712924957,"w":0.19139203429222108},"size":4.2429351806640629,"orthographic":false}