{"cameraMode":{"drawMode":0,"name":"Shaded","section":"Shading Mode"},"sceneLighting":false,"audioPlay":false,"sceneViewState":{"m_AlwaysRefresh":false,"showFog":true,"showSkybox":false,"showFlares":true,"showImageEffects":true,"showParticleSystems":true,"showVisualEffectGraphs":true,"m_FxEnabled":true},"in2DMode":false,"pivot":{"x":-1.7194576263427735,"y":-2.683600902557373,"z":-2.2742807865142824},"rotation":{"x":-0.012569566257297993,"y":-0.9704272150993347,"z":0.23537679016590119,"w":-0.05308287590742111},"size":4.2429351806640629,"orthographic":false}