{"cameraMode":{"drawMode":0,"name":"Shaded","section":"Shading Mode"},"sceneLighting":false,"audioPlay":false,"sceneViewState":{"m_AlwaysRefresh":false,"showFog":true,"showSkybox":false,"showFlares":true,"showImageEffects":true,"showParticleSystems":true,"showVisualEffectGraphs":true,"m_FxEnabled":true},"in2DMode":false,"pivot":{"x":0.02078402042388916,"y":-0.02697300910949707,"z":-0.0207974910736084},"rotation":{"x":-0.13187462091445924,"y":-0.7628206014633179,"z":0.1651250123977661,"w":-0.6111941933631897},"size":0.9949876666069031,"orthographic":false}