{"cameraMode":{"drawMode":0,"name":"Shaded","section":"Shading Mode"},"sceneLighting":false,"audioPlay":false,"sceneViewState":{"m_AlwaysRefresh":false,"showFog":true,"showSkybox":false,"showFlares":true,"showImageEffects":true,"showParticleSystems":true,"showVisualEffectGraphs":true,"m_FxEnabled":true},"in2DMode":false,"pivot":{"x":3.418050765991211,"y":-1.3123359680175782,"z":0.17212682962417603},"rotation":{"x":0.17418256402015687,"y":0.706592321395874,"z":-0.18666990101337434,"w":0.6600077152252197},"size":5.1306915283203129,"orthographic":false}