{"cameraMode":{"drawMode":0,"name":"Shaded","section":"Shading Mode"},"sceneLighting":false,"audioPlay":false,"sceneViewState":{"m_AlwaysRefresh":false,"showFog":true,"showSkybox":false,"showFlares":true,"showImageEffects":true,"showParticleSystems":true,"showVisualEffectGraphs":true,"m_FxEnabled":true},"in2DMode":false,"pivot":{"x":-0.9726648330688477,"y":0.39983367919921877,"z":0.1688346415758133},"rotation":{"x":0.3592609167098999,"y":0.6171403527259827,"z":-0.37587693333625796,"w":0.5906723737716675},"size":4.2429351806640629,"orthographic":false}