{"cameraMode":{"drawMode":0,"name":"Shaded","section":"Shading Mode"},"sceneLighting":false,"audioPlay":false,"sceneViewState":{"m_AlwaysRefresh":false,"showFog":true,"showSkybox":false,"showFlares":true,"showImageEffects":true,"showParticleSystems":true,"showVisualEffectGraphs":true,"m_FxEnabled":true},"in2DMode":false,"pivot":{"x":0.625957727432251,"y":0.5982184410095215,"z":-0.16151106357574464},"rotation":{"x":0.05584866926074028,"y":0.8456718921661377,"z":-0.09075227379798889,"w":0.5230551362037659},"size":1.1768603324890137,"orthographic":false}