{"cameraMode":{"drawMode":0,"name":"Shaded","section":"Shading Mode"},"sceneLighting":false,"audioPlay":false,"sceneViewState":{"m_AlwaysRefresh":false,"showFog":true,"showSkybox":false,"showFlares":true,"showImageEffects":true,"showParticleSystems":true,"showVisualEffectGraphs":true,"m_FxEnabled":true},"in2DMode":false,"pivot":{"x":-0.009233832359313965,"y":1.3453757762908936,"z":0.0757676362991333},"rotation":{"x":-0.11457414925098419,"y":0.7968220114707947,"z":-0.15904758870601655,"w":-0.5715954303741455},"size":1.8873928785324097,"orthographic":false}