{"cameraMode":{"drawMode":0,"name":"Shaded","section":"Shading Mode"},"sceneLighting":false,"audioPlay":false,"sceneViewState":{"m_AlwaysRefresh":false,"showFog":true,"showSkybox":false,"showFlares":true,"showImageEffects":true,"showParticleSystems":true,"showVisualEffectGraphs":true,"m_FxEnabled":true},"in2DMode":false,"pivot":{"x":-40.818275451660159,"y":-22.591182708740236,"z":15.428208351135254},"rotation":{"x":0.19005104899406434,"y":-0.683831512928009,"z":0.19104737043380738,"w":0.6780799031257629},"size":27.346607208251954,"orthographic":false}